ts,caller,receiver,duration_sec,imei,cell_location
2023-03-01T08:15:00,9876500041,9876500034,187,351234567890003,BTS_DEO_02
2023-03-01T08:22:00,9876500041,9876500031,203,351234567890003,BTS_DEO_02
2023-03-01T09:05:00,9876500031,9876500019,14,351234567890001,BTS_JMT_01
2023-03-01T09:18:00,9876500031,9876500020,11,351234567890001,BTS_JMT_01
2023-03-01T09:31:00,9876500034,9876500032,95,351234567890002,BTS_DHN_03
2023-03-01T10:02:00,9876500031,9876500012,18,351234567890001,BTS_JMT_01
2023-03-01T10:05:00,9876500031,9876500013,21,351234567890001,BTS_JMT_01
2023-03-01T10:09:00,9876500031,9876500014,15,351234567890001,BTS_JMT_01
2023-03-01T10:45:00,9876500034,9876500041,144,351234567890002,BTS_DHN_03
2023-03-01T11:20:00,9876500032,9876500015,19,351234567890002,BTS_DHN_03
2023-03-01T11:23:00,9876500032,9876500016,17,351234567890002,BTS_DHN_03
2023-03-02T09:15:00,9876500041,9876500034,211,351234567890003,BTS_DEO_02
2023-03-02T09:28:00,9876500041,9876500031,198,351234567890003,BTS_DEO_02
2023-03-02T10:38:00,9876500031,9876500011,287,351234567890001,BTS_JMT_01
2023-03-02T10:52:00,9876500031,9876500012,264,351234567890001,BTS_JMT_01
2023-03-02T11:05:00,9876500031,9876500013,311,351234567890001,BTS_JMT_01
2023-03-02T11:21:00,9876500031,9876500014,276,351234567890001,BTS_JMT_01
2023-03-02T11:44:00,9876500032,9876500015,298,351234567890002,BTS_DHN_03
2023-03-02T12:01:00,9876500032,9876500016,342,351234567890002,BTS_DHN_03
2023-03-02T12:18:00,9876500032,9876500017,289,351234567890002,BTS_DHN_03
2023-03-02T12:55:00,9876500034,9876500041,166,351234567890002,BTS_DHN_03
2023-03-03T09:10:00,9876500041,9876500034,225,351234567890003,BTS_DEO_02
2023-03-03T09:22:00,9876500041,9876500031,189,351234567890003,BTS_DEO_02
2023-03-03T10:05:00,9876500031,9876500021,267,351234567890001,BTS_JMT_01
2023-03-03T10:28:00,9876500033,9876500018,294,351234567890001,BTS_JMT_01
2023-03-03T10:51:00,9876500031,9876500021,43,351234567890001,BTS_JMT_01
2023-03-03T11:08:00,9876500033,9876500019,281,351234567890001,BTS_JMT_01
2023-03-03T11:32:00,9876500034,9876500032,112,351234567890002,BTS_DHN_03
2023-03-03T12:15:00,9876500033,9876500020,258,351234567890001,BTS_JMT_01
2023-03-03T12:48:00,9876500034,9876500041,178,351234567890002,BTS_DHN_03
2023-03-04T09:00:00,9876500041,9876500034,241,351234567890003,BTS_DEO_02
2023-03-04T09:14:00,9876500034,9876500032,103,351234567890002,BTS_DHN_03
2023-03-04T10:10:00,9876500032,9876500016,308,351234567890002,BTS_DHN_03
2023-03-04T10:35:00,9876500032,9876500017,319,351234567890002,BTS_DHN_03
2023-03-04T11:02:00,9876500033,9876500018,272,351234567890001,BTS_JMT_01
2023-03-04T11:25:00,9876500033,9876500019,245,351234567890001,BTS_JMT_01
2023-03-04T12:00:00,9876500034,9876500041,157,351234567890002,BTS_DHN_03
2023-03-05T09:05:00,9876500041,9876500034,198,351234567890003,BTS_DEO_02
2023-03-05T09:19:00,9876500034,9876500033,88,351234567890002,BTS_DHN_03
2023-03-05T10:12:00,9876500033,9876500018,301,351234567890001,BTS_JMT_01
2023-03-05T10:40:00,9876500033,9876500019,278,351234567890001,BTS_JMT_01
2023-03-05T11:05:00,9876500031,9876500021,312,351234567890001,BTS_JMT_01
2023-03-05T11:28:00,9876500031,9876500022,289,351234567890001,BTS_JMT_01
2023-03-05T12:10:00,9876500034,9876500041,142,351234567890002,BTS_DHN_03
2023-03-06T09:08:00,9876500041,9876500034,219,351234567890003,BTS_DEO_02
2023-03-06T09:21:00,9876500041,9876500031,204,351234567890003,BTS_DEO_02
2023-03-06T10:05:00,9876500031,9876500021,267,351234567890001,BTS_JMT_01
2023-03-06T10:30:00,9876500031,9876500022,298,351234567890001,BTS_JMT_01
2023-03-06T11:00:00,9876500033,9876500020,245,351234567890001,BTS_JMT_01
2023-03-06T11:25:00,9876500034,9876500032,91,351234567890002,BTS_DHN_03
2023-03-06T12:05:00,9876500034,9876500041,161,351234567890002,BTS_DHN_03
2023-03-07T09:10:00,9876500041,9876500034,233,351234567890003,BTS_DEO_02
2023-03-07T10:05:00,9876500031,9876500022,315,351234567890001,BTS_JMT_01
2023-03-07T10:32:00,9876500032,9876500023,288,351234567890002,BTS_DHN_03
2023-03-07T11:00:00,9876500033,9876500024,0,351234567890001,BTS_JMT_01
2023-03-07T11:04:00,9876500033,9876500024,304,351234567890001,BTS_JMT_01
2023-03-07T12:00:00,9876500034,9876500041,148,351234567890002,BTS_DHN_03
2023-03-08T09:15:00,9876500041,9876500034,212,351234567890003,BTS_DEO_02
2023-03-08T10:08:00,9876500032,9876500023,276,351234567890002,BTS_DHN_03
2023-03-08T10:35:00,9876500033,9876500024,289,351234567890001,BTS_JMT_01
2023-03-08T11:20:00,9876500034,9876500041,134,351234567890002,BTS_DHN_03
2023-03-09T09:05:00,9876500041,9876500034,201,351234567890003,BTS_DEO_02
2023-03-09T09:18:00,9876500041,9876500031,188,351234567890003,BTS_DEO_02
2023-03-09T10:10:00,9876500031,9876500024,321,351234567890001,BTS_JMT_01
2023-03-09T10:42:00,9876500031,9876500024,287,351234567890001,BTS_JMT_01
2023-03-09T11:30:00,9876500034,9876500041,155,351234567890002,BTS_DHN_03
