ts,from_account,to_account,amount_inr,channel,upi_id,ref_no
2023-03-02T10:44:00,ACC_V11,ACC_M1,87500,UPI,victim11@sbi,TXN20230302001
2023-03-02T11:05:00,ACC_V12,ACC_M1,62000,UPI,victim12@pnb,TXN20230302002
2023-03-02T11:18:00,ACC_V13,ACC_M2,95000,UPI,victim13@hdfc,TXN20230302003
2023-03-02T11:32:00,ACC_V14,ACC_M2,78000,UPI,victim14@uco,TXN20230302004
2023-03-02T11:08:00,ACC_M1,ACC_H2,149500,IMPS,,TXN20230302005
2023-03-02T11:40:00,ACC_M2,ACC_H2,173000,IMPS,,TXN20230302006
2023-03-03T10:16:00,ACC_V15,ACC_M3,54000,UPI,victim15@canara,TXN20230303001
2023-03-03T10:38:00,ACC_V16,ACC_M3,110000,UPI,victim16@icici,TXN20230303002
2023-03-03T11:12:00,ACC_V17,ACC_M4,43500,UPI,victim17@axis,TXN20230303003
2023-03-03T10:44:00,ACC_M3,ACC_H1,164000,IMPS,,TXN20230303004
2023-03-03T11:38:00,ACC_M4,ACC_H1,43500,IMPS,,TXN20230303005
2023-03-04T10:22:00,ACC_V18,ACC_M4,97000,UPI,victim18@boi,TXN20230304001
2023-03-04T10:48:00,ACC_V19,ACC_M5,82000,UPI,victim19@sbi,TXN20230304002
2023-03-04T10:45:00,ACC_M4,ACC_H1,97000,IMPS,,TXN20230304003
2023-03-04T11:12:00,ACC_M5,ACC_H2,82000,IMPS,,TXN20230304004
2023-03-05T10:30:00,ACC_V20,ACC_M5,58500,UPI,victim20@bob,TXN20230305001
2023-03-05T10:55:00,ACC_M5,ACC_H2,58500,IMPS,,TXN20230305002
2023-03-05T11:08:00,ACC_V21,ACC_M6,122000,UPI,victim21@union,TXN20230305003
2023-03-05T11:32:00,ACC_M6,ACC_H1,122000,IMPS,,TXN20230305004
2023-03-06T10:35:00,ACC_V22,ACC_M5,135000,UPI,victim22@pnb,TXN20230306001
2023-03-06T11:02:00,ACC_M5,ACC_H2,135000,IMPS,,TXN20230306002
2023-03-07T10:42:00,ACC_V23,ACC_M6,67000,UPI,victim23@hdfc,TXN20230307001
2023-03-07T11:02:00,ACC_M6,ACC_H1,67000,IMPS,,TXN20230307002
2023-03-09T10:15:00,ACC_V24,ACC_M6,157500,UPI,victim24@sbi,TXN20230309001
2023-03-09T10:38:00,ACC_M6,ACC_H1,157500,IMPS,,TXN20230309002
2023-03-02T14:00:00,ACC_H2,ACC_K1,290000,NEFT,,TXN20230302101
2023-03-04T14:30:00,ACC_H2,ACC_K1,162000,NEFT,,TXN20230304101
2023-03-06T15:00:00,ACC_H2,ACC_K1,86200,NEFT,,TXN20230306101
2023-03-03T14:00:00,ACC_H1,ACC_K1,142000,NEFT,,TXN20230303101
2023-03-04T15:00:00,ACC_H1,ACC_K1,120500,NEFT,,TXN20230304102
2023-03-05T14:15:00,ACC_H1,ACC_K1,105000,NEFT,,TXN20230305101
2023-03-07T14:00:00,ACC_H1,ACC_K1,116100,NEFT,,TXN20230307101
2023-03-09T15:00:00,ACC_H1,ACC_K1,102300,NEFT,,TXN20230309101
