timestamp,caller,receiver,duration_sec,location
2023-05-03T10:00:00,9955001100,9900000001,182,Bengaluru
2023-05-03T10:10:00,9955001100,9900000002,145,Bengaluru
2023-05-04T11:15:00,9955001100,9900000003,210,Bengaluru
2023-05-04T11:20:00,9955001100,9900000004,198,Bengaluru
2023-05-05T14:05:00,9955001101,9900000005,175,Bengaluru
2023-05-05T14:15:00,9955001101,9900000006,163,Bengaluru
2023-05-06T09:30:00,9955001101,9900000001,220,Bengaluru
2023-05-06T09:40:00,9955001101,9900000007,189,Bengaluru
2023-05-07T15:00:00,9955001102,9900000008,201,Bengaluru
2023-05-07T15:10:00,9955001102,9900000009,178,Bengaluru
2023-05-08T13:10:00,9955001102,9900000010,195,Bengaluru
2023-05-08T13:20:00,9955001102,9900000011,167,Bengaluru
